"Réseau";"Sous-réseau";"Code station (interne)";"Adr.N°";"Adr.Rue";"Adr.Localité";"LUREF X";"LUREF Y"
"Bergerhoff";"Eselborn";"HAL01";"";"Z.I. 18, Op der Sang (Alcuilux 1)";"Eselborn";"67250";"125572";"";"";"";"";"";"";
"Bergerhoff";"Eselborn";"HAL02";"";"Z.I. 18, Op der Sang (Alcuilux 2)";"Eselborn";"67250";"125572";"";"";"";"";"";"";
"Bergerhoff";"Eselborn";"HAL03";"";"Z.I. 18, Op der Sang (Alcuilux 3)";"Eselborn";"67250";"125572";"";"";"";"";"";"";
"Bergerhoff";"Eselborn";"HAL04";"";"Z.I. 18, Op der Sang (Alcuilux 4)";"Eselborn";"67250";"125572";"";"";"";"";"";"";
"Bergerhoff";"Bridel";"HBR01";"67";"rue de Luxembourg";"Bridel";"73895";"79862";"";"";"";"";"";"";
"Bergerhoff";"Bridel";"HBR02";"96";"rue de Luxembourg";"Bridel";"73887";"79805";"";"";"";"";"";"";
"Bergerhoff";"Bridel";"HBR03";"96";"rue de Luxembourg";"Bridel";"73895";"79769";"";"";"";"";"";"";
"Bergerhoff";"Bascharage";"HBS01";"";"ZI Bommelscheier";"Bascharage";"62678";"70721";"";"";"";"";"";"";
"Bergerhoff";"Belvaux";"HBX01";"83";"rue de Soleuvre ";"Belvaux";"63292";"64905";"";"";"";"";"";"";
"Bergerhoff";"Belvaux";"HBX02";"8";"rue Pierre Frieden Cité 2000 "Metzerlach"";"Belvaux";"63768";"64871";"";"";"";"";"";"";
"Bergerhoff";"Belvaux";"HBX03";"37";"rte d'Ehlerange Cité 2000 "Metzerlach"";"Belvaux";"64115";"64557";"";"";"";"";"";"";
"Bergerhoff";"Belvaux";"HBX04";"27";"Rue de l'Electricité";"Belvaux";"64050";"64117";"";"";"";"";"";"";
"Bergerhoff";"Belvaux";"HBX04A";"";"Terrain AGORA, en haut vers le pont "ARBED" à Raemerich";"Belvaux (Raemerich)";"64224";"63635";"";"";"";"";"";"";
"Bergerhoff";"Belvaux";"HBX04B";"";"Station de pompage (en face du dépôt de boues)";"Belvaux";"64006";"63744";"";"";"";"";"";"";
"Bergerhoff";"Belvaux";"HBX04C";"346";"route d'Esch";"Belvaux";"63945";"63746";"";"";"";"";"";"";
"Bergerhoff";"Belvaux";"HBX05";"268";"rte d'Esch "Am Brill" ";"Belvaux";"63688";"63809";"";"";"";"";"";"";
"Bergerhoff";"Belvaux";"HBX06";"";"Ecole Rou'dewee";"Belvaux";"63581";"64232";"";"";"";"";"";"";
"Bergerhoff";"Belvaux";"HBX07";"39";"rue Henri Tudor";"Belvaux";"63205";"64104";"";"";"";"";"";"";
"Bergerhoff";"Belvaux";"HBX07A";"245";"rue Wassertraap";"Belvaux";"63536";"63617";"";"";"";"";"";"";
"Bergerhoff";"Belvaux";"HBX08";"88";"Rue de l'Usine";"Belvaux";"62888";"63274";"";"";"";"";"";"";
"Bergerhoff";"Belvaux";"HBX09";"7";"Rue Neuve";"Belvaux (Ehlerange)";"65280";"65145";"";"";"";"";"";"";
"Bergerhoff";"Belvaux";"HBX09A";"177";"route d'Esch";"Belvaux (Ehlerange)";"65452";"64487";"";"";"";"";"";"";
"Bergerhoff";"Belvaux";"HBX10";"305";"rue de l'Usine ";"Belvaux";"63075";"63026";"";"";"";"";"";"";
"Bergerhoff";"Differdange";"HDF04";"123";"Route de Bascharage";"Differdange (Niederkorn)";"60016";"67513";"";"";"";"";"";"";
"Bergerhoff";"Differdange";"HDF11";"";"rue St. Pierre";"Differdange (Niederkorn)";"59991";"67012";"";"";"";"";"";"";
"Bergerhoff";"Differdange";"HDF12";"146";"rue Pierre Gansen";"Differdange (Niederkorn)";"60661";"67048";"";"";"";"";"";"";
"Bergerhoff";"Differdange";"HDF13";"20";"rue de l'Industrie";"Sanem";"61729";"67380";"";"";"";"";"";"";
"Bergerhoff";"Differdange";"HDF14";"";"ZI Gadderscheier CFC SA";"Sanem";"61995";"67247";"";"";"";"";"";"";
"Bergerhoff";"Differdange";"HDF17";"";"Am Maien, derrière hôpital M.Astrid";"Differdange (Niederkorn)";"59469";"66509";"";"";"";"";"";"";
"Bergerhoff";"Differdange";"HDF18";"";"Av. De la Liberté";"Differdange (Niederkorn)";"59997";"66495";"";"";"";"";"";"";
"Bergerhoff";"Differdange";"HDF18A";"2";"rue des Ecoles";"Differdange (Niederkorn)";"59986";"66830";"";"";"";"";"";"";
"Bergerhoff";"Differdange";"HDF25";"78";"Rue du Rail";"Differdange";"59971";"66012";"";"";"";"";"";"";
"Bergerhoff";"Differdange";"HDF30";"";"Vestiaires Tillendberg";"Differdange";"59134";"65477";"";"";"";"";"";"";
"Bergerhoff";"Differdange";"HDF37";"";"Ancien terrain de football Red Boys";"Differdange";"58813";"65302";"";"";"";"";"";"";
"Bergerhoff";"Differdange";"HDF40";"";"Cité Jardinière";"Differdange (Fousbann)";"60574";"65103";"";"";"";"";"";"";
"Bergerhoff";"Differdange";"HDF41";"65";"Rue de la Metallurgie";"Differdange (Fousbann)";"60293";"64767";"";"";"";"";"";"";
"Bergerhoff";"Differdange";"HDF42";"";"rue Ravin des Chôlets Cité Breitfeld";"Differdange (Fousbann)";"61491";"65023";"";"";"";"";"";"";
"Bergerhoff";"Differdange";"HDF44";"101";"Rue de Hussigny";"Differdange";"59182";"64854";"";"";"";"";"";"";
"Bergerhoff";"Differdange";"HDF44A";"101";"Rue de Hussigny";"Differdange";"59182";"64854";"";"";"";"";"";"";
"Bergerhoff";"Differdange";"HDF45";"";"Cimetière Municipal";"Differdange";"59733";"64271";"";"";"";"";"";"";
"Bergerhoff";"Differdange";"HDF46";"";"Av. Charlotte Pépinière Fleurs Werding";"Differdange (Obercorn)";"59849";"64659";"";"";"";"";"";"";
"Bergerhoff";"Differdange";"HDF47";"4";"Rue St Etienne";"Differdange (Niederkorn)";"60472";"64517";"";"";"";"";"";"";
"Bergerhoff";"Differdange";"HDF48";"";"Cimetière Obercorn";"Differdange";"60988";"64650";"";"";"";"";"";"";
"Bergerhoff";"Differdange";"HDF53";"130";"Avenue du Parc des Sports";"Differdange (Niederkorn)";"60121";"64062";"";"";"";"";"";"";
"Bergerhoff";"Differdange";"HDF59";"2A";"rue Henri Jungers";"Differdange (Fousbann)";"60705";"65241";"";"";"";"";"";"";
"Bergerhoff";"Differdange";"HDF60";"";"Square Cité Henri Grey";"Differdange (Fousbann)";"61109";"65189";"";"";"";"";"";"";
"Bergerhoff";"Differdange";"HDF60A";"64";"rue Henri Grey";"Differdange (Fousbann)";"60959";"65324";"";"";"";"";"";"";
"Bergerhoff";"Differdange";"HDF60B";"84";"rue Henri Grey";"Differdange (Fousbann)";"60894";"65341";"";"";"";"";"";"";
"Bergerhoff";"Differdange";"HDF60C";"";"rue CM Spoo";"Differdange (Fousbann)";"60821";"65362";"";"";"";"";"";"";
"Bergerhoff";"Differdange";"HDF61";"";"Rue du Gaz (C.I.D.)";"Differdange (Fousbann)";"60326";"65204";"";"";"";"";"";"";
"Bergerhoff";"Differdange";"HDF62";"42";"rue des jardins "Am Wangert"";"Differdange";"59661";"65602";"";"";"";"";"";"";
"Bergerhoff";"Differdange";"HDF63";"68";"rue Pierre Gansen";"Differdange (Niederkorn)";"60314";"66915";"";"";"";"";"";"";
"Bergerhoff";"Differdange";"HDF64";"";"rue de la Chiers";"Differdange";"60315";"65046";"";"";"";"";"";"";
"Bergerhoff";"Differdange";"HDF65";"113";"Av. de la liberté";"Differdange (Niederkorn)";"59901";"66154";"";"";"";"";"";"";
"Bergerhoff";"Differdange";"HDF65A";"";"Av. De la Liberté";"Differdange (Niederkorn)";"59975";"66072";"";"";"";"";"";"";
"Bergerhoff";"Dommeldange";"HDO01";"";"Rue Hertert";"Dommeldange (Beggen)";"77048";"79251";"";"";"";"";"";"";
"Bergerhoff";"Dommeldange";"HDO02";"37";"Rue de Bourgogne ";"Dommeldange";"77394";"77865";"";"";"";"";"";"";
"Bergerhoff";"Dommeldange";"HDO03";"";"Route d'Eich (Mr Schmit, jardin)";"Dommeldange (Eich)";"77620";"77503";"";"";"";"";"";"";
"Bergerhoff";"Dommeldange";"HDO04";"";"Rue des Sources";"Dommeldange";"78152";"77641";"";"";"";"";"";"";
"Bergerhoff";"Dommeldange";"HDO05";"2";"Rue Van de Meulen";"Dommeldange";"77996";"78407";"";"";"";"";"";"";
"Bergerhoff";"Dommeldange";"HDO06";"";"Rue des Anémones";"Dommeldange";"77728";"79302";"";"";"";"";"";"";
"Bergerhoff";"Dommeldange";"HDO07";"133";"Rue de Luxembourg";"Dommeldange (Beggen)";"77252";"78442";"";"";"";"";"";"";
"Bergerhoff";"Dommeldange";"HDO08";"2";"Rue Cyprien Mergen";"Dommeldange";"77227";"78786";"";"";"";"";"";"";
"Bergerhoff";"Dommeldange";"HDO11";"";"Rue des Hauts Fournaux, près de l'école";"Dommeldange (Mongenast)";"77738";"77832";"";"";"";"";"";"";
"Bergerhoff";"Dommeldange";"HDO14";"";"Rue Henri Dunant";"Dommeldange";"77602";"78895";"";"";"";"";"";"";
"Bergerhoff";"Dudelange";"HDU01";"";"Kräitzbierg";"Dudelange";"75205";"60638";"";"";"";"";"";"";
"Bergerhoff";"Dudelange";"HDU02";"";"Niddeschgaass / Rue Lentz";"Dudelange";"76074";"60112";"";"";"";"";"";"";
"Bergerhoff";"Dudelange";"HDU03";"";"Zone Industrielle Riedchen";"Dudelange";"75948";"61796";"";"";"";"";"";"";
"Bergerhoff";"Dudelange";"HDU04";"";"Z.I. Wolser 2";"Dudelange";"74018";"62740";"";"";"";"";"";"";
"Bergerhoff";"Dudelange";"HDU04A";"2";"ZI Wolser";"Dudelange";"74303";"63511";"";"";"";"";"";"";
"Bergerhoff";"Dudelange";"HDU05";"26";"rue du Parc";"Dudelange";"74174";"60989";"";"";"";"";"";"";
"Bergerhoff";"Dudelange";"HDU06";"";"Stade Barozzi";"Dudelange";"73213";"59631";"";"";"";"";"";"";
"Bergerhoff";"Dudelange";"HDU07";"";"Hardt, derrière Affilux";"Dudelange";"72805";"59365";"";"";"";"";"";"";
"Bergerhoff";"Dudelange";"HDU08";"29";"Rue Gaffelt";"Dudelange";"73626";"60684";"";"";"";"";"";"";
"Bergerhoff";"Dudelange";"HDU09";"";"Belvédère, Châlet des Scouts";"Dudelange";"73375";"60425";"";"";"";"";"";"";
"Bergerhoff";"Dudelange";"HDU10";"";"Hôpital Municipal";"Dudelange";"74170";"59535";"";"";"";"";"";"";
"Bergerhoff";"Dudelange";"HDU11";"";"Cimetière";"Dudelange";"73481";"61325";"";"";"";"";"";"";
"Bergerhoff";"Esch-Alzette";"HES04";"";"Galgenbierg, Cité Jardinière";"Esch/Alzette";"67020";"61803";"";"";"";"";"";"";
"Bergerhoff";"Esch-Alzette";"HES05";"";"Nossbierg, Bâtiments";"Esch/Alzette";"67445";"62075";"";"";"";"";"";"";
"Bergerhoff";"Esch-Alzette";"HES06";"";"Cité François Leesbierg";"Esch/Alzette";"67456";"62810";"";"";"";"";"";"";
"Bergerhoff";"Esch-Alzette";"HES07";"";"Rue Léon Metz";"Esch/Alzette";"66817";"63242";"";"";"";"";"";"";
"Bergerhoff";"Esch-Alzette";"HES08";"";"Boulevard Aloyse Meyer";"Esch/Alzette";"67246";"63623";"";"";"";"";"";"";
"Bergerhoff";"Esch-Alzette";"HES08A";"";"Intérieur aciérie Schifflange";"Esch/Alzette";"67596";"63247";"";"";"";"";"";"";
"Bergerhoff";"Esch-Alzette";"HES10";"";"Cité Portland";"Esch/Alzette";"67363";"64012";"";"";"";"";"";"";
"Bergerhoff";"Esch-Alzette";"HES10A";"53";"Rue de Portland";"Esch/Alzette";"67462";"64176";"";"";"";"";"";"";
"Bergerhoff";"Esch-Alzette";"HES10B";"";"Um Monkeler (Garage EDIS)";"Esch/Alzette";"67551";"64379";"";"";"";"";"";"";
"Bergerhoff";"Esch-Alzette";"HES10C";"16";"Rue de Bergem";"Esch/Alzette";"67368";"64136";"";"";"";"";"";"";
"Bergerhoff";"Esch-Alzette";"HES11";"";"Cimetière Lallange";"Esch/Alzette";"67013";"64049";"";"";"";"";"";"";
"Bergerhoff";"Esch-Alzette";"HES12";"16";"Boulvevard Hubert Clement";"Esch/Alzette";"66781";"64045";"";"";"";"";"";"";
"Bergerhoff";"Esch-Alzette";"HES13";"";"Avenue de la Paix, Lallange";"Esch/Alzette";"66628";"63615";"";"";"";"";"";"";
"Bergerhoff";"Esch-Alzette";"HES14";"";"Rue Arthur Useldinger";"Esch/Alzette";"66149";"63385";"";"";"";"";"";"";
"Bergerhoff";"Esch-Alzette";"HES15";"";"Route de Luxembourg";"Esch/Alzette";"66824";"62722";"";"";"";"";"";"";
"Bergerhoff";"Esch-Alzette";"HES15A";"";"Route de Luxembourg";"Esch/Alzette";"66833";"62790";"";"";"";"";"";"";
"Bergerhoff";"Esch-Alzette";"HES16";"";"Lycée de Garçon";"Esch/Alzette";"66610";"62695";"";"";"";"";"";"";
"Bergerhoff";"Esch-Alzette";"HES17";"";"Parc Laval";"Esch/Alzette";"66269";"62772";"";"";"";"";"";"";
"Bergerhoff";"Esch-Alzette";"HES19";"";"Route d'Ehlerange";"Esch/Alzette";"65500";"63732";"";"";"";"";"";"";
"Bergerhoff";"Esch-Alzette";"HES20";"";"Route de Belvaux";"Esch/Alzette";"64996";"63433";"";"";"";"";"";"";
"Bergerhoff";"Esch-Alzette";"HES20A";"308";"Boulevard Charles de Gaulle";"Esch/Alzette";"64786";"63603";"";"";"";"";"";"";
"Bergerhoff";"Esch-Alzette";"HES20B";"";"Cité Jardinnière Elsenbrech";"Esch/Alzette";"65100";"63500";"";"";"";"";"";"";
"Bergerhoff";"Esch-Alzette";"HES20C";"1";"Rue des Tramways";"Esch/Alzette";"65063";"63405";"";"";"";"";"";"";
"Bergerhoff";"Esch-Alzette";"HES20D";"21";"rue des Tramways";"Esch/Alzette";"65098";"63476";"";"";"";"";"";"";
"Bergerhoff";"Esch-Alzette";"HES21";"";"Rue Moedling, Cité Raemerich";"Esch/Alzette";"64624";"63886";"";"";"";"";"";"";
"Bergerhoff";"Esch-Alzette";"HES21A";"20";"Rue de puteaux, Cité Raemerich";"Esch/Alzette";"64557";"64022";"";"";"";"";"";"";
"Bergerhoff";"Esch-Alzette";"HES22";"";"Rue Michel Lentz, Ecole Brouch";"Esch/Alzette";"65576";"63188";"";"";"";"";"";"";
"Bergerhoff";"Esch-Alzette";"HES22A";"190";"Rue de Belvaux";"Esch/Alzette";"65482";"63320";"";"";"";"";"";"";
"Bergerhoff";"Esch-Alzette";"HES23";"";"Boulevard Charles de Gaulle, Cité Marcinelle";"Esch/Alzette";"65238";"63162";"";"";"";"";"";"";
"Bergerhoff";"Esch-Alzette";"HES24";"";"Aciérie Arcelor Mittal";"Esch/Alzette";"64525";"62587";"";"";"";"";"";"";
"Bergerhoff";"Esch-Alzette";"HES24A";"";"Intérieur aciérie Arcelor Mittal";"Esch/Alzette";"64253";"62729";"";"";"";"";"";"";
"Bergerhoff";"Esch-Alzette";"HES24B";"";"Intérieur aciérie protection en terre";"Esch/Alzette";"64927";"63282";"";"";"";"";"";"";
"Bergerhoff";"Esch-Alzette";"HES26";"";"Belval, avenue des Terres Rouges (route d'Esch)";"Esch/Alzette";"65620";"62188";"";"";"";"";"";"";
"Bergerhoff";"Esch-Alzette";"HES27";"";"Belval, Aire de jeux";"Esch/Alzette";"64660";"62213";"";"";"";"";"";"";
"Bergerhoff";"Esch-Alzette";"HES28";"";"Belval, portail Arcelor Mittal";"Esch/Alzette";"63251";"62991";"";"";"";"";"";"";
"Bergerhoff";"Esch-Alzette";"HES29";"";"Rue des Mines";"Esch/Alzette";"66082";"61173";"";"";"";"";"";"";
"Bergerhoff";"Esch-Alzette";"HES30";"";"Rue des mines";"Esch/Alzette";"66096";"61440";"";"";"";"";"";"";
"Bergerhoff";"Esch-Alzette";"HES31";"44";"Rue des Franciscains";"Esch/Alzette";"65776";"62856";"";"";"";"";"";"";
"Bergerhoff";"Esch-Alzette";"HES32";"77";"Rue de l'Usine";"Esch/Alzette";"65831";"62567";"";"";"";"";"";"";
"Bergerhoff";"Esch-Alzette";"HES33";"11";"Rue Pasteur (Direction Théâtre municipal)";"Esch/Alzette";"66195";"62067";"";"";"";"";"";"";
"Bergerhoff";"Ligne Sud I";"HLSI01";"65";"Rue de la Résistance";"Bascharage";"60713";"70657";"";"";"";"";"";"";
"Bergerhoff";"Ligne Sud I";"HLSI02";"1";"Rue de Bascharage";"Clémency";"58981";"73277";"";"";"";"";"";"";
"Bergerhoff";"Ligne Sud I";"HLSI03";"2";"Cité Radelsbësch";"Bergem";"71316";"65176";"";"";"";"";"";"";
"Bergerhoff";"Ligne Sud I";"HLSI04";"15";"Rue Jacquinot";"Bettembourg";"75409";"64382";"";"";"";"";"";"";
"Bergerhoff";"Ligne Sud II";"HLSII01";"62";"Rue de Mondercange";"Ehlerange";"65920";"65637";"";"";"";"";"";"";
"Bergerhoff";"Ligne Sud II";"HLSII02";"28";"Rue du Kiemel";"Mondercange";"66550";"65821";"";"";"";"";"";"";
"Bergerhoff";"Ligne Sud II";"HLSII03";"19";"Rue des Champs";"Mondercange";"67072";"65832";"";"";"";"";"";"";
"Bergerhoff";"Ligne Sud II";"HLSII04";"23";"Rue J.B. Bichler";"Foetz";"68060";"65717";"";"";"";"";"";"";
"Bergerhoff";"Ligne Sud II";"HLSII04A";"49";"Rue J.B. Bichler";"Foetz";"67869";"65864";"";"";"";"";"";"";
"Bergerhoff";"Schifflange";"HLSII05";"";"Zone Industrielle";"Foetz";"68810";"65013";"";"";"";"";"";"";
"Bergerhoff";"Schifflange";"HLSII05A";"";"Rue de Hédange";"Schifflange";"68535";"64059";"";"";"";"";"";"";
"Bergerhoff";"Schifflange";"HLSII06";"9";"Cité E.Mayrisch";"Schifflange";"67896";"63364";"";"";"";"";"";"";
"Bergerhoff";"Schifflange";"HLSII06A";"24";"Cité "Um Benn" ";"Schifflange";"67937";"63402";"";"";"";"";"";"";
"Bergerhoff";"Schifflange";"HLSII06B";"12";"Cité "Um Benn"";"Schifflange";"67874";"63455";"";"";"";"";"";"";
"Bergerhoff";"Schifflange";"HLSII07";"";"Cité E.Mayrisch";"Schifflange";"68387";"63536";"";"";"";"";"";"";
"Bergerhoff";"Schifflange";"HLSII08";"15";"rue Belle- Vue ";"Schifflange";"68068";"63241";"";"";"";"";"";"";
"Bergerhoff";"Schifflange";"HLSII08A";"38";"rue de l' Industrie";"Schifflange";"67889";"63072";"";"";"";"";"";"";
"Bergerhoff";"Ligne Sud II";"HLSII09";"16";"Rue des Champs";"Soleuvre";"63352";"65923";"";"";"";"";"";"";
"Bergerhoff";"Ligne Sud II";"HLSII10";"36";"Rue E.Mayrisch";"Soleuvre";"62807";"65266";"";"";"";"";"";"";
"Bergerhoff";"Schifflange";"HLSII11";"89A";"Rue de Hédange";"Schifflange";"68561";"64318";"";"";"";"";"";"";
"Bergerhoff";"Schifflange";"HLSII12";"15";"Rue du Brill";"Foetz";"68603";"64967";"";"";"";"";"";"";
"Bergerhoff";"Rodange";"HRO01";"5";"à la Siole";"Rodange";"55168";"67655";"";"";"";"";"";"";
"Bergerhoff";"Rodange";"HRO02";"327";"rue du Clopp";"Rodange";"54961";"67470";"";"";"";"";"";"";
"Bergerhoff";"Rodange";"HRO03";"485";"route de Longwy";"Rodange";"54659";"67617";"";"";"";"";"";"";
"Bergerhoff";"Rodange";"HRO04";"9";"rue Terre noire";"Rodange";"54959";"67936";"";"";"";"";"";"";
"Bergerhoff";"Rodange";"HRO05";"446";"route de Longwy";"Rodange";"54441";"67498";"";"";"";"";"";"";
"Bergerhoff";"Rodange";"HRO06";"179";"route de Longwy";"Rodange";"55614";"68173";"";"";"";"";"";"";
"Bergerhoff";"Rumelange";"HRU01";"153";"route d'Esch";"Rumelange";"68974";"58714";"";"";"";"";"";"";
"Bergerhoff";"Rumelange";"HRU02";"181";"route d'Esch";"Rumelange";"68880";"58786";"";"";"";"";"";"";
